[ 
  {"xmlName" : "CustomField", "tagName" : "fields", "parentXmlName" : "CustomObject" }, 
  {"xmlName" : "BusinessProcess", "tagName" : "businessProcesses", "parentXmlName" : "CustomObject" }, 
  {"xmlName" : "RecordType", "tagName" : "recordTypes", "parentXmlName" : "CustomObject" }, 
  {"xmlName" : "WebLink", "tagName" : "webLinks", "parentXmlName" : "CustomObject" }, 
  {"xmlName" : "ValidationRule", "tagName" : "validationRules", "parentXmlName" : "CustomObject" }, 
  {"xmlName" : "NamedFilter", "tagName" : "namedFilters", "parentXmlName" : "CustomObject" }, 
  {"xmlName" : "SharingReason", "tagName" : "sharingReasons", "parentXmlName" : "CustomObject" }, 
  {"xmlName" : "ListView", "tagName" : "listViews", "parentXmlName" : "CustomObject" }, 
  {"xmlName" : "FieldSet", "tagName" : "fieldSets", "parentXmlName" : "CustomObject" },
  {"xmlName" : "CustomLabel", "tagName" : "customLabels", "parentXmlName" : "CustomLabels" },
  {"xmlName" : "WorkflowAlert", "tagName" : "alerts", "parentXmlName" : "Workflow" },
  {"xmlName" : "WorkflowTask", "tagName" : "tasks", "parentXmlName" : "Workflow" },
  {"xmlName" : "WorkflowOutboundMessage", "tagName" : "outboundMessages", "parentXmlName" : "Workflow" },
  {"xmlName" : "WorkflowFieldUpdate", "tagName" : "fieldUpdates", "parentXmlName" : "Workflow" },
  {"xmlName" : "WorkflowRule", "tagName" : "rules", "parentXmlName" : "WorkFlow", "parentXmlName" : "Workflow" }, 
  {"xmlName" : "WorkflowEmailRecipient", "tagName" : "emailRecipients", "parentXmlName" : "Workflow" },
  {"xmlName" : "WorkflowTimeTrigger", "tagName" : "timeTriggers", "parentXmlName" : "Workflow" },
  {"xmlName" : "WorkflowActionReference", "tagName" : "actionReferences", "parentXmlName" : "Workflow" }
]